dist_neck__left_shoulder,dist_neck__right_shoulder,dist_left_shoulder__right_shoulder,dist_left_shoulder__left_elbow,dist_left_elbow__left_wrist,dist_right_shoulder__right_elbow,dist_right_elbow__right_wrist,dist_left_shoulder__left_hip,dist_right_shoulder__right_hip,dist_left_hip__right_hip,dist_neck__root,label,source,sample_id
0.0,0.0,0.0,0.0,1.1102230246251564e-08,4.163336342344337e-09,1.1102230246251564e-08,0.0,0.0,5.551115123125778e-15,1.1102230246251564e-08,Safe,training_pose_recording.csv,0_1
0.0577121946672994,0.4936830489699823,0.1111111111111111,0.0,5.551115123125783e-09,4.163336342344337e-09,5.551115123125783e-09,0.0275535346122404,0.1612665063852924,5.551115123125778e-15,1.1102230246251564e-08,Unsafe,training_pose_recording.csv,1_1
0.1771953076134105,0.4936830489699823,0.2222222222222223,0.0,5.551115123125783e-09,4.163336342344337e-09,5.551115123125783e-09,0.1135376752298376,0.1612665063852924,0.0,1.1102230246251564e-08,Unsafe,training_pose_recording.csv,2_1
0.2383332833757593,0.999999999999996,0.3333333333333334,0.0,5.551115123125783e-09,4.163336342344337e-09,5.551115123125783e-09,0.1708571434319449,0.1612665063852924,1.0,5.551115123125783e-09,Unsafe,training_pose_recording.csv,3_1
0.3624433019505584,0.999999999999996,0.4444444444444442,1.3877787807814455e-09,4.163336342344337e-09,4.163336342344337e-09,5.551115123125783e-09,0.3109055171729852,0.3837709670132958,0.0,5.551115123125783e-09,Unsafe,training_pose_recording.csv,4_1
0.4882502143294956,0.999999999999996,0.5555555555555555,1.3877787807814455e-09,4.163336342344337e-09,4.163336342344337e-09,2.775557561562891e-09,0.3922714777598208,0.3837709670132958,1.0,5.551115123125783e-09,Unsafe,training_pose_recording.csv,5_1
0.6151937058208837,0.999999999999996,0.6666666666666665,0.0,5.551115123125783e-09,4.163336342344337e-09,2.775557561562891e-09,0.5743840436645713,0.6645181638253266,0.0,5.551115123125783e-09,Unsafe,training_pose_recording.csv,6_1
0.7429331248212695,0.999999999999996,0.7777777777777777,0.0,0.0,0.0,0.0,0.6739104363634685,0.6645181638253266,1.0,5.551115123125783e-09,Safe,training_pose_recording.csv,7_1
0.871250431554502,1.0,0.8888888888888888,1.1102230246251564e-08,0.0,1.1102230246251564e-08,0.0,0.8871897965084856,1.0,0.0,5.551115123125783e-09,Safe,training_pose_recording.csv,8_1
1.0,1.0,1.0,5.551115123125783e-09,5.551115123125783e-09,5.551115123125783e-09,5.551115123125783e-09,1.0,1.0,1.0,0.0,Safe,training_pose_recording.csv,9_1
0.2921886831901772,0.3184006357503802,0.4300180478322583,0.2576225886556486,0.1019585924538465,0.1679128197255072,0.1851136161266914,0.3373502963062567,0.3493279536998284,0.1658782428970568,0.3151759189945132,Safe,synthetic,derecho_0
0.3111116774171579,0.3626412279024487,0.4450896482787213,0.2387003736900818,0.1456283014846704,0.2347500313632999,0.14164469596684,0.3851380120522908,0.3480029635605499,0.1926055054581895,0.2527628182238424,Safe,synthetic,derecho_1
0.3289016535469612,0.3538188207172479,0.3828668871134757,0.2059146579804708,0.2012923674221339,0.2346177625745631,0.1965093044638395,0.3672328401203152,0.4356659040348184,0.1837433993446154,0.2595102908371385,Safe,synthetic,derecho_2
0.2474490908700849,0.3846391769030198,0.4451588917088357,0.215442101693805,0.1463937409214988,0.1870207513723504,0.206023711512988,0.3797301668481376,0.3717261707322077,0.1733796117084522,0.2892864529226688,Safe,synthetic,derecho_3
0.2846674323656291,0.3687475438691605,0.4348571511179276,0.2289438219509872,0.2071565425228758,0.2227031627795556,0.1915647759475993,0.3752515290335416,0.2917137672057733,0.1872131513457079,0.2611850938282882,Safe,synthetic,derecho_4
0.2544448860702663,0.3489943099509326,0.4597976524493758,0.1853667553722702,0.2187311341836592,0.1526852091353678,0.166604598800569,0.3565101226042002,0.3734488932543711,0.2284490631917142,0.311733889407997,Safe,synthetic,derecho_5
0.2660509971100625,0.3415059282934173,0.4343190352502862,0.2123478270047354,0.1289725470664831,0.1746685114398607,0.1432219085599355,0.3698864297621505,0.3556970294428226,0.2276194141627107,0.2629098941465386,Safe,synthetic,derecho_6
0.2863415876430686,0.3850236157586935,0.3876261384111905,0.2382710095022964,0.1535229623573339,0.2054778461373971,0.1647304842400668,0.3021664141764384,0.3694788992314232,0.181223906391891,0.2804997647491075,Safe,synthetic,derecho_7
0.2992298663562364,0.3778612470411978,0.4266154043589115,0.216060580619623,0.1630680675182338,0.216811271563744,0.1125066226416788,0.2921155011030765,0.2970920155058238,0.1601101268959407,0.2959909690689375,Safe,synthetic,derecho_8
0.2437808377855976,0.3448734978384244,0.4519691319114426,0.2057494411575429,0.2095006227386834,0.1826552927996049,0.1717824976852948,0.3119991178035767,0.3364386769639775,0.2336123254982958,0.210907183072306,Safe,synthetic,derecho_9
0.2973769457418343,0.3695094240932912,0.3762340017721282,0.1621576858244618,0.1828851803085547,0.1988202916374479,0.1893070484541881,0.3508740858209377,0.4140711556528366,0.190425774901079,0.2390601002951254,Safe,synthetic,derecho_10
0.2871710253982527,0.3687998673588706,0.4543675030096175,0.2534044498365831,0.1942748423659803,0.2785321156487825,0.1324494778270859,0.32440993869001,0.312936962343779,0.1844076078737692,0.2249325540977476,Safe,synthetic,derecho_11
0.3054060378725762,0.3511110921160491,0.3411677482198937,0.1793768367516983,0.1925405538980078,0.2535250627157752,0.2598692356676714,0.4665544986402932,0.3665763773310398,0.1604184751987254,0.1947181487707476,Safe,synthetic,derecho_12
0.2907084584937535,0.327482356187587,0.3833857095928126,0.1955161280376076,0.1743683645433446,0.2626392092315057,0.1862819426978137,0.3436546065184524,0.3085738498869675,0.1330126822118257,0.2605476836370668,Safe,synthetic,derecho_13
0.2778486979672672,0.4307171965431953,0.4052109808589154,0.2593095804409223,0.1600281760584339,0.172602249343319,0.1413953295107051,0.3209909574185698,0.4351387892974065,0.1671445328310245,0.3135395681494538,Safe,synthetic,derecho_14
0.2438829128765189,0.3972629205149698,0.4153980386442345,0.2137344840936763,0.1783694989545826,0.1938084921828244,0.1978428880592832,0.3318006607863688,0.30097576944931,0.1488824970272152,0.2869035167088848,Safe,synthetic,derecho_15
0.3431636502564174,0.3663996645429376,0.3952544669556047,0.2314330455841017,0.2322400696682729,0.2287753000545542,0.1635629107666505,0.3942515484023955,0.3671502575384645,0.2614302396798397,0.2873293774888762,Safe,synthetic,derecho_16
0.23102123873118,0.3052736320301734,0.46603711728925,0.2889466288313319,0.1728192314686959,0.2046725071545604,0.238457771689688,0.3057181727182604,0.3142109192417669,0.2257330717875618,0.2642157950856164,Safe,synthetic,derecho_17
0.2797951253311971,0.3534622840590195,0.4135029819519573,0.2762992744525486,0.1836233962760698,0.2457575517310743,0.097993115958759,0.3480512639227953,0.3162707891882851,0.1512474775830549,0.24487390532285,Safe,synthetic,derecho_18
0.2666350623719675,0.3966361016942406,0.3469442912904175,0.2212252597037767,0.1606332226666568,0.2068930762255215,0.2201103130121841,0.371524617480157,0.4034959242977097,0.1938197728300039,0.2521622955331719,Safe,synthetic,derecho_19
0.27104564732478,0.3696998716508489,0.4070629343381484,0.1766244771106653,0.1836195912651149,0.2291291332055562,0.2806989615013568,0.4250737844512667,0.3158702659776471,0.1885046655380329,0.2214623199265199,Safe,synthetic,derecho_20
0.2563717194414606,0.3726242001436136,0.4482341448355293,0.1908366464902556,0.1538341423972881,0.1341084388104538,0.1734933631782036,0.3075034235256174,0.328822422905357,0.1649255688732964,0.2762294978298977,Safe,synthetic,derecho_21
0.2096908643457347,0.3013181901843604,0.4851698844811319,0.1685030967490387,0.1361285768618144,0.2934765411328526,0.2962026867696162,0.3031373348469863,0.3352700417284787,0.2136622220376204,0.3491479057762237,Safe,synthetic,derecho_22
0.2405257168628705,0.3501888861623156,0.4310935030424698,0.2373906429786647,0.164953757150796,0.2146470814193583,0.1250041676652007,0.3404730502410134,0.3393445003996417,0.2092867955850502,0.2577869112472394,Safe,synthetic,derecho_23
0.2988615409018056,0.4005086327127932,0.4062171731067386,0.2340702563359681,0.1821262139031146,0.2200033757236565,0.1511376786582861,0.3626597704669323,0.3461085360634604,0.2837267323572238,0.3429341960990097,Safe,synthetic,derecho_24
0.2954338621022601,0.3294777116122093,0.3555035411206633,0.2676457181235546,0.1905099690058855,0.2392057361356644,0.1102165605210322,0.3870975392623272,0.3681768135285745,0.1555827726234209,0.261139007702002,Safe,synthetic,derecho_25
0.2905486881742608,0.3620986719342497,0.3883131525678578,0.2158604692773615,0.1699209048717245,0.2261025004840987,0.2388596789197262,0.247333662362748,0.3405259894196126,0.2070604968548978,0.291839759587484,Safe,synthetic,derecho_26
0.2651234167471484,0.2897311287008567,0.4131198193485644,0.2890940085665674,0.1186455438033544,0.2545531205479275,0.1668589910750842,0.3475470261668461,0.307884059571842,0.1866217531057649,0.3320017837879583,Safe,synthetic,derecho_27
0.3033062096795083,0.4292924642163978,0.4470964755591077,0.237563467157183,0.2497573810467117,0.2375597263495319,0.2131195270718823,0.3381371618586116,0.3526618326343682,0.1721030470679889,0.3195833573837942,Safe,synthetic,derecho_28
0.2328678550754054,0.3912940136967064,0.3923739576997936,0.2668498837386928,0.2100347595492503,0.292825846305872,0.2092309876455458,0.2871183897738703,0.3473218730840719,0.1531197122962073,0.259268806305349,Safe,synthetic,derecho_29
0.3404491373310689,0.3855013524359079,0.3720427828568501,0.179451305342384,0.1813112837150504,0.1713375940247549,0.1531543889041367,0.3624803788620497,0.3962124814442678,0.2243504588889776,0.188348419656076,Safe,synthetic,derecho_30
0.2921746691612104,0.3628813429293032,0.4165556114149077,0.2846483872660483,0.0974704689278102,0.1963558629923557,0.2036362529117341,0.2867362240218423,0.4090379619221403,0.2147342645080263,0.3138633594337361,Safe,synthetic,derecho_31
0.2571622535391282,0.3925505475986485,0.4427388622395615,0.2293151208054867,0.1893760357079478,0.230813729571269,0.1454661894104247,0.3440988527903859,0.3438990987019056,0.2153357545741398,0.3199929698764118,Safe,synthetic,derecho_32
0.2376585567208636,0.3549996387872169,0.4592582219063589,0.1902564708474974,0.1471099993083872,0.2280922476732477,0.2137754076194128,0.3504570422224263,0.4031584236174795,0.2342717593026611,0.3136728026756025,Safe,synthetic,derecho_33
0.3021646600529638,0.4531061240138434,0.3917935324453582,0.1398591083173394,0.2441701744606856,0.2016920227617269,0.1843152177737213,0.4023820273944211,0.2859096183576429,0.1499341114357544,0.2159488825152458,Safe,synthetic,derecho_34
0.248234548398983,0.3775854642406798,0.4209675137125108,0.2310509671731421,0.1234893646443053,0.1275958625346942,0.1821741434156152,0.3311289586544665,0.3683754308686644,0.2280781450488508,0.2855296572823473,Safe,synthetic,derecho_35
0.3104053234150342,0.3691684549646027,0.4212025882240587,0.1918130694852047,0.1728155434467416,0.2278710438662783,0.2128211390166967,0.3342503531110171,0.3708466902292844,0.1893664483233848,0.2752983133068748,Safe,synthetic,derecho_36
0.3131807616809629,0.2802775851578338,0.3481411068770096,0.1607125841022871,0.0866553552060678,0.1928694223937929,0.2099773559891096,0.338604637344697,0.3579116032776741,0.2435686998684317,0.3331074452907077,Safe,synthetic,derecho_37
0.2772344826109544,0.4141434355827759,0.4036850663373644,0.1865040710469015,0.1562239859120505,0.1607785394973993,0.1444746458506539,0.3356793324770228,0.382143400775144,0.2688307932466394,0.2247127393849184,Safe,synthetic,derecho_38
0.2957130987303968,0.3183782424336986,0.4189878835385281,0.2147565339724909,0.1067637669660987,0.2571318796627393,0.1557999714876507,0.3286439904650577,0.3072099035484124,0.1738286689324978,0.2971156176277967,Safe,synthetic,derecho_39
0.2724302263625438,0.3731464800912993,0.4144768741571538,0.2728264662211266,0.1662885539654248,0.1609256873261707,0.2226888966628793,0.3367404731161098,0.394583697783095,0.2153350845272988,0.2747544987918662,Safe,synthetic,derecho_40
0.2939510357618518,0.438040502405052,0.4830792211621501,0.2227752454053111,0.186407623732683,0.2630496062986554,0.1461735586893061,0.3633228149047302,0.3489654860818457,0.2125563284583021,0.2466652477620238,Safe,synthetic,derecho_41
0.2164173002676412,0.2770806625603483,0.3553046354804157,0.2016529886024266,0.1682723365340495,0.2974892464971806,0.2242397347962919,0.3115163553463348,0.3639083380980382,0.183716870545987,0.2686254464783962,Safe,synthetic,derecho_42
0.2874130259766153,0.3847668446790158,0.3864296606446394,0.2625540613093743,0.1343224709543038,0.2202535624944907,0.2839069490638333,0.3589231897050109,0.4073285802642469,0.2036608071269283,0.3032310838131919,Safe,synthetic,derecho_43
0.2777286722242923,0.3531836967534318,0.3688207041309832,0.2372120543583021,0.1459385124325692,0.2466234094525371,0.2234114801778364,0.3646612562894892,0.3385500506577723,0.2181586231723478,0.2676530777781435,Safe,synthetic,derecho_44
0.317421885018606,0.286743756631395,0.3865757052752542,0.1403675201950401,0.1201975667909117,0.2745544891925564,0.2158073992788674,0.3212207906686083,0.2898998617583641,0.0814188464863339,0.2582601796826946,Safe,synthetic,derecho_45
0.3768166004898961,0.3773953708585459,0.3776171085580204,0.2386032083800122,0.1175616658802222,0.2081070654920946,0.1839790989206295,0.346555973927158,0.3816322448676032,0.2137858090494421,0.3067330407243199,Safe,synthetic,derecho_46
0.2524651087107696,0.3959126163364219,0.4651574779049596,0.1811940192139434,0.1444921737714176,0.2734313734528093,0.1723462405321975,0.4061528556826622,0.3322985715243126,0.2582018230508284,0.2852594326722181,Safe,synthetic,derecho_47
0.2903291529329078,0.4225887208667962,0.3855291809022331,0.1823551161630016,0.1620574316788658,0.2380933580257255,0.1173696371127794,0.3754988361060448,0.3284491472952902,0.2459125064293425,0.1842295878039811,Safe,synthetic,derecho_48
0.2485373689958332,0.2925412739506359,0.3669508213454419,0.2299066360443577,0.1728309349820098,0.2098648972420794,0.1736326051447975,0.3581355296247977,0.3096585583222757,0.228273985635962,0.3065066388154194,Safe,synthetic,derecho_49
0.295401517506244,0.3822613377100505,0.4118567200323464,0.3014029321092427,0.1765162331578996,0.2077166712666169,0.1498588967857048,0.3087094931768865,0.3002211284959569,0.1644481074707632,0.2771727847339171,Safe,synthetic,derecho_50
0.2933718051399086,0.3620456823420865,0.3693785889028115,0.2560073825607985,0.2095765068920378,0.2136140677031193,0.1538833542134115,0.3719371168331919,0.3575189434994441,0.1420749096233981,0.2772807897606238,Safe,synthetic,derecho_51
0.2904814324829752,0.3240122085404899,0.4075937357134977,0.1618071005896884,0.2334474440004868,0.2699179994023772,0.1698993066278814,0.3645381735135629,0.253603121368005,0.1537460935893866,0.2682488431939148,Safe,synthetic,derecho_52
0.2371146791429256,0.3885758593052264,0.4798918612299198,0.1729354112228279,0.1465014638365923,0.2294179347323972,0.2444446459399848,0.3011050274984038,0.3599614448922776,0.2728519540325244,0.2139296340728293,Safe,synthetic,derecho_53
0.2287572317261667,0.3430557357415665,0.3791764634857836,0.2525040515101457,0.1896663887928335,0.1490015176143148,0.2006164161160324,0.3268984445057739,0.4009778886776495,0.1748964985425232,0.2545353886759106,Safe,synthetic,derecho_54
0.3016452644321812,0.3905170592934775,0.4179239745574482,0.1525761073046077,0.20152137759713,0.178627677933024,0.1894110444635305,0.2930506225840376,0.3678528859017225,0.1677360438277051,0.2286946139895791,Safe,synthetic,derecho_55
0.308552805459296,0.3696657808670701,0.3754409279442841,0.2780471539608425,0.1623739031372102,0.2212843069588373,0.190756537907144,0.3252133626348554,0.3688454517359971,0.178661906113411,0.2635344671113516,Safe,synthetic,derecho_56
0.3345057055921336,0.3183765578995027,0.3034887867628204,0.2844374798004758,0.2819731181042801,0.2037892293820267,0.1025264783751925,0.3375806409521622,0.3385510820063732,0.1924030463591097,0.2354644783231261,Safe,synthetic,derecho_57
0.3031824456990591,0.3809802950114435,0.3402237752072277,0.2479678692677955,0.2621073992778356,0.2268784132974824,0.1665069935172597,0.3443198714236991,0.3746102706787424,0.1307731357797112,0.2865756281190921,Safe,synthetic,derecho_58
0.2643814420214876,0.4339130005182419,0.3930330906478017,0.2867155044447808,0.1358503720887197,0.2434903666721116,0.1927760105516491,0.3152381100854087,0.3570958445854776,0.248500753473264,0.267048331828536,Safe,synthetic,derecho_59
0.2123214940332095,0.3592974869409022,0.3639030762082995,0.2063063624534447,0.1767364892125951,0.1517739113593793,0.1153736664271728,0.369282673421021,0.3290912521532128,0.0974102263271773,0.3113937614643254,Safe,synthetic,derecho_60
0.2908947902109696,0.3314450070385407,0.3473267915576704,0.2534323158525735,0.1939740249024171,0.3153040913073629,0.1968075439489975,0.3655081256504806,0.3433228827956573,0.2326710346880316,0.3050034080499261,Safe,synthetic,derecho_61
0.3300690003426078,0.3391470832545086,0.3825837010822415,0.2008358731635208,0.2116320688471595,0.2799349776118693,0.1616463802740279,0.3330090508882763,0.3625630889547919,0.1901695399994839,0.3180821461255956,Safe,synthetic,derecho_62
0.1899289083752381,0.3269317981233242,0.3687033466415422,0.1271857595045541,0.1414544622252478,0.1833937553661629,0.1719558138192468,0.3945186356664105,0.3401975739523719,0.1587674511891538,0.2777218183514588,Safe,synthetic,derecho_63
0.321966944857654,0.3209616473554038,0.3635770046431421,0.2423419583709689,0.1711385553707679,0.2458993876283789,0.1794541283281881,0.3780665459235827,0.3085968754383743,0.1995166139684693,0.2715723994254737,Safe,synthetic,derecho_64
0.2313643630358348,0.2974608820852525,0.4274299614109865,0.2059619047112808,0.1391087887341068,0.2161528425230667,0.2251207542939721,0.258770486185123,0.2901344524038669,0.1630845423241893,0.3384471546688132,Safe,synthetic,derecho_65
0.2913034793167718,0.3906926896184491,0.3543935632349508,0.1752185649891789,0.1979125486689084,0.2223309732374178,0.201949552754565,0.3424931603628618,0.361125749058185,0.2063247633962043,0.311110695563397,Safe,synthetic,derecho_66
0.3122803312777789,0.2952051202243292,0.3101092577863658,0.2600698159060602,0.2275090037304774,0.1791750792194665,0.1056065837381748,0.353961392840288,0.3872335290540211,0.2719037808973726,0.3006519028840581,Safe,synthetic,derecho_67
0.2651313321365722,0.3242747751366055,0.4004580516668262,0.2080294118445897,0.1393972837708473,0.3019502260345315,0.2514067360828852,0.3954419473422171,0.3131659840876348,0.2342007729718911,0.3055850563799161,Safe,synthetic,derecho_68
0.2977018249681621,0.4099866106817511,0.4254148457144511,0.2496005694521734,0.2054762513348884,0.2336316563200842,0.1086555548114326,0.3533448430964223,0.3277523216460349,0.1488063616943992,0.347272664772033,Safe,synthetic,derecho_69
0.3491598136354281,0.4143688240118245,0.410208536674235,0.2740250048381062,0.180482127224073,0.2281118910759111,0.1362611451815206,0.3658796521799535,0.3524154371369766,0.1478939153266214,0.2779521155273362,Safe,synthetic,derecho_70
0.2768108174457276,0.4319024466657856,0.4357685331405364,0.2204578175636586,0.1899514923920433,0.2217684951241679,0.1718834406081781,0.3067029121044685,0.3439579248957228,0.1701560697338994,0.2299873784430741,Safe,synthetic,derecho_71
0.3004488725819014,0.3756505863973294,0.3285316995452769,0.2150926145001949,0.2198280554359969,0.2623689495558528,0.2210334737154095,0.3515565282760584,0.3161981868812339,0.1566520469056775,0.2937841961900143,Safe,synthetic,derecho_72
0.2951712013746065,0.4114932444642026,0.4439991860136834,0.2147108537387531,0.1302317648455652,0.207235736119564,0.1886892477924209,0.3419166701844238,0.3268842356768937,0.2101153925987959,0.2598416903435756,Safe,synthetic,derecho_73
0.254877356650985,0.3724581133721376,0.3839202967948318,0.2297641755591341,0.1909281609140849,0.174422839956337,0.1607503550453835,0.4075110775966585,0.3035168194906285,0.1153338220411787,0.2055261938702995,Safe,synthetic,derecho_74
0.2811643978630668,0.361236691121308,0.3952955657829952,0.26856759315714,0.0730866226758824,0.2358373549772329,0.2424575280721429,0.3048887694043314,0.3348077395284041,0.1698843233108551,0.2442261581568988,Safe,synthetic,derecho_75
0.2669495197990784,0.4170994113473802,0.4734954670195008,0.206562430998394,0.2562024085625788,0.221423059079385,0.2501476410680432,0.3462680540138603,0.3552423130418457,0.2146189789057133,0.4071541471747014,Safe,synthetic,derecho_76
0.3140514229937916,0.3317094188019415,0.4387599148110343,0.2055266985166263,0.1604099926839516,0.2563440543956845,0.1812434235108461,0.3611430365804722,0.3505594088746117,0.2134633250642174,0.296998635897446,Safe,synthetic,derecho_77
0.2025213226917834,0.3866629067443813,0.360719223206788,0.1623080345776235,0.1776635502456527,0.2233592401325781,0.1522597534171087,0.3832412743067189,0.2963129933451637,0.1837222500490976,0.25660503460268,Safe,synthetic,derecho_78
0.2781365091864264,0.3711545713858896,0.3596842820150582,0.2489713070982491,0.1825200947333879,0.1443221498675235,0.1016563423841187,0.3495072282828275,0.3411613072885458,0.1958631954570146,0.2788807017387913,Safe,synthetic,derecho_79
0.4890223935804072,0.737905984393932,0.4955558039632977,0.1731211362839682,0.1362670456845047,0.2315566666867483,0.2297978951458578,0.3327464224704196,0.2499320062336137,0.131840285495585,0.4466785310881595,Unsafe,synthetic,inclinado_jorobado_0
0.4576908445001914,0.6836644549098109,0.5415432449192367,0.2075301467671021,0.2219735844217363,0.1929593077727452,0.1455072816209782,0.3691550215408184,0.2885743172029552,0.2155876682128001,0.4841021273490506,Unsafe,synthetic,inclinado_jorobado_1
0.4741023004032733,0.7635310442859704,0.5151117021882113,0.3024119268209631,0.170982742030876,0.1689193422011908,0.182796783239793,0.3069501919872492,0.31992976608746,0.2158813320006196,0.502223283546005,Unsafe,synthetic,inclinado_jorobado_2
0.4551132919898296,0.7394962058018559,0.5863003103208454,0.2774520702625316,0.2011765362850288,0.274537148483428,0.1047680628810376,0.3372837380548614,0.3153197897470629,0.2047690344450957,0.4571420312321305,Unsafe,synthetic,inclinado_jorobado_3
0.4733536863220107,0.7752869952081619,0.5332112081431849,0.2365516926876085,0.1707092268030305,0.2230285315182733,0.1802406672174428,0.3679329626389264,0.3966123014218871,0.2658957599041331,0.4923848032763666,Unsafe,synthetic,inclinado_jorobado_4
0.5035818754414241,0.6539654196325773,0.5364849303033752,0.2576115785953435,0.2146387455366861,0.228464389311802,0.215455758382718,0.3696306683597527,0.3980122503303728,0.2115743662782844,0.4657720673771586,Unsafe,synthetic,inclinado_jorobado_5
0.4934336502773209,0.5827762249658889,0.555315429455402,0.0740634869914086,0.1110614637037832,0.2380707440376393,0.1991011734906718,0.3035028487944027,0.3215159183248424,0.2548216395445652,0.4606387947370929,Unsafe,synthetic,inclinado_jorobado_6
0.5697168124961194,0.6999232058729461,0.5563214470752507,0.2846749759399443,0.1852410846477367,0.1799062407723679,0.1756109019322284,0.3485755705523963,0.2954103339119374,0.1897667171463671,0.4503123162401025,Unsafe,synthetic,inclinado_jorobado_7
0.5169743102874973,0.7013844749674102,0.5286881700340972,0.2157527227750969,0.1889248807362466,0.2446725679875911,0.1400115108532247,0.3083364946951491,0.3941871686161012,0.1835065251118108,0.423326316296125,Unsafe,synthetic,inclinado_jorobado_8
0.4977525083753241,0.7185347922413075,0.4787713897097317,0.2291792686185442,0.2094233236971349,0.2349754580682505,0.2052792593504558,0.29382923607637,0.3632416061998478,0.1878952096211821,0.4606883936510142,Unsafe,synthetic,inclinado_jorobado_9
0.514822224376789,0.7591709804269692,0.6117748021840144,0.2725923148602362,0.1756106327347926,0.2341088065210537,0.2106729148713697,0.3548471179719784,0.3552305675164617,0.2329501252750473,0.4776286941589627,Unsafe,synthetic,inclinado_jorobado_10
0.4508285225450535,0.6834210773665657,0.5653564151093498,0.2201197316479982,0.1936083990747335,0.2468031696880876,0.1650063414840956,0.3802499265451922,0.3651537041383357,0.1506074765235408,0.5376921916474497,Unsafe,synthetic,inclinado_jorobado_11
0.4599702102497233,0.6337961862725926,0.4981982516165479,0.1791581935728671,0.1820869327463013,0.2090459797781505,0.1665267212943763,0.3747880786192991,0.3635950144477081,0.2126419148257714,0.4963931382931477,Unsafe,synthetic,inclinado_jorobado_12
0.5046453867200895,0.6156818663289022,0.5254224699094215,0.132791597420421,0.1814423970719118,0.2198146811110262,0.2218212909915872,0.3975053757088448,0.3581110019300946,0.179985556904124,0.4994064445018294,Unsafe,synthetic,inclinado_jorobado_13
0.4588832945070274,0.699944293942266,0.5794454526784307,0.197689146160423,0.2122271455697,0.247096054747692,0.1418083273147671,0.388955765128696,0.3779426538148602,0.2040770354949063,0.4495070616788938,Unsafe,synthetic,inclinado_jorobado_14
0.4456317592569772,0.6784934969238791,0.5617037785316784,0.1817749933039441,0.1975004899447948,0.1703297788448643,0.171837256622446,0.3543859101829603,0.4478052058023566,0.1449073737791853,0.5388805826596054,Unsafe,synthetic,inclinado_jorobado_15
0.4859936965594912,0.7164468767206384,0.5447339165355282,0.2377890727278093,0.1738525958255193,0.2781620072582983,0.1617411542310111,0.3952893828871698,0.324225315191479,0.1975899261439485,0.4371214979083912,Unsafe,synthetic,inclinado_jorobado_16
0.4982009488139007,0.7578050382770614,0.5369057528071659,0.2121245720518436,0.1354153214772829,0.2108282938579077,0.1162882296111388,0.3134848805312469,0.3590714418443654,0.2527605279096558,0.5923684344491801,Unsafe,synthetic,inclinado_jorobado_17
0.4565365965971639,0.7574120062658175,0.549750099216066,0.2139500941301449,0.1973037780690461,0.2224766593471983,0.1844158290244887,0.3336666734869332,0.2940756136080459,0.1382549918991167,0.506129795331249,Unsafe,synthetic,inclinado_jorobado_18
0.4689319963965714,0.6761564440137533,0.5403402250689262,0.2517972901166251,0.1872145577210559,0.1937578025343613,0.229051718225958,0.4131674201192652,0.3697822662129141,0.2389465404537636,0.5296783998725524,Unsafe,synthetic,inclinado_jorobado_19
0.5252039726561806,0.7245639670845049,0.5639338818829953,0.2407864229338601,0.1361064930181182,0.2480289262743834,0.1257674411549378,0.3182160217949977,0.4021426027123235,0.2336088065077679,0.5394959315874345,Unsafe,synthetic,inclinado_jorobado_20
0.4691330246525083,0.6539100463489292,0.5303825121171863,0.2240812518896229,0.1831595486536003,0.265347219150268,0.1655491829998621,0.3640813788721169,0.3104549140226157,0.2180126911217525,0.4801243420074254,Unsafe,synthetic,inclinado_jorobado_21
0.4500074664686193,0.6905668255130059,0.5326329701393911,0.2091937948265161,0.2508536496907073,0.2160621599076848,0.1702441555929064,0.2661019616955943,0.3142317059208209,0.1894770630217458,0.4525658929529342,Unsafe,synthetic,inclinado_jorobado_22
0.5352683037351118,0.6934024889841512,0.5915377699727301,0.2224681853620147,0.181489113456863,0.2164481420914999,0.1801518500648583,0.4187518001219943,0.2572155709299512,0.1199381702224528,0.4582731667577554,Unsafe,synthetic,inclinado_jorobado_23
0.4805811152775027,0.7276041769905605,0.558923487921099,0.2046301634847772,0.2207617477296705,0.2612078161261092,0.1873623132508626,0.3885063028994736,0.3609058105372851,0.1775406789286846,0.5079126735600001,Unsafe,synthetic,inclinado_jorobado_24
0.4844245249031471,0.7000535938701794,0.598918142887583,0.1219651148583965,0.1232926331936172,0.1725171829450252,0.1654695740972477,0.3398156732093588,0.2897069740890781,0.1605936787075669,0.4455663328590571,Unsafe,synthetic,inclinado_jorobado_25
0.5782969636830356,0.7720696779098858,0.5235300232926141,0.205456668387728,0.1340318401124682,0.1436747834709893,0.175324792543659,0.3100859206702389,0.3466059787335195,0.1359917660382609,0.4495210216675896,Unsafe,synthetic,inclinado_jorobado_26
0.4859450838121132,0.7146483839113574,0.5566988783496806,0.1671804406337185,0.2141874292054224,0.1879915321359259,0.2053143165842922,0.3495744529352722,0.294944500036882,0.1873520918167525,0.4946145496825507,Unsafe,synthetic,inclinado_jorobado_27
0.504518615218984,0.6943604841022232,0.6012711556240421,0.2603004308394623,0.1697338353440098,0.2500048724854777,0.2573517394075275,0.428419384031321,0.3008800047671001,0.162938675553714,0.5393967514693541,Unsafe,synthetic,inclinado_jorobado_28
0.4376687579664945,0.6470983546683328,0.5205522347720382,0.2368090683789834,0.1759041317355561,0.1939774551837763,0.1530315015310196,0.3215065174234916,0.3148196148536423,0.2912653150910425,0.4919004428474222,Unsafe,synthetic,inclinado_jorobado_29
0.5154703621761896,0.680436901275243,0.532561732912558,0.1914578407451858,0.0739316666032319,0.1648796289260853,0.1075752528007842,0.2600086488819356,0.3021856410280759,0.2529982271752652,0.4782225532918258,Unsafe,synthetic,inclinado_jorobado_30
0.5316225504928469,0.716439303076035,0.5713023530286064,0.183964120187817,0.2009580381677068,0.2491485693629738,0.1569341083106522,0.3723816148246466,0.3726475103429933,0.1780178951547966,0.4350892627091601,Unsafe,synthetic,inclinado_jorobado_31
0.4326348667240691,0.7034602216768584,0.5530803947515727,0.1882989667816834,0.1810634136530439,0.2428214814455394,0.204727628586612,0.4120752048048995,0.4010792332879217,0.1599483426897382,0.5473434483815209,Unsafe,synthetic,inclinado_jorobado_32
0.4587609398177714,0.7417949124981771,0.5427194650420436,0.2035140248617213,0.1076921256090026,0.213137419591346,0.1176246705877756,0.3886919694337108,0.4106717062855699,0.1681235604281324,0.4920788297007708,Unsafe,synthetic,inclinado_jorobado_33
0.4509843391196809,0.6748606107945284,0.5709797881546149,0.2184584695262635,0.2495859216772404,0.2007107008518831,0.2199734532989795,0.3538965365183112,0.3818311203897693,0.1821136937068021,0.4780176464979366,Unsafe,synthetic,inclinado_jorobado_34
0.4753800448280426,0.6665577154061685,0.5664832613832701,0.2460099602231345,0.2037421877962226,0.2814786261567057,0.2379737920494521,0.3350022124060345,0.3649220927373671,0.1750559724296715,0.4809342126445822,Unsafe,synthetic,inclinado_jorobado_35
0.4560100220352454,0.764802812365442,0.5545479260137185,0.2112788348758231,0.227744742874255,0.1331753836081835,0.0994358962053884,0.3818335462087909,0.3524187379246947,0.2100178520104304,0.426944155867258,Unsafe,synthetic,inclinado_jorobado_36
0.4790706515659853,0.7801403764160536,0.5729679847918345,0.2267882618057125,0.1624378435958025,0.2042170859252242,0.0948320844319992,0.3603056168368464,0.3838193243392741,0.1369752269131754,0.4535433243077273,Unsafe,synthetic,inclinado_jorobado_37
0.4337014147106631,0.6613859522076494,0.542139265072876,0.136623913800461,0.2045708175342825,0.2501542027973473,0.1699558964785235,0.2507716596006183,0.3101432549599044,0.2493160773641078,0.3688802287708571,Unsafe,synthetic,inclinado_jorobado_38
0.4660990635122592,0.6527999688613096,0.5721828120633935,0.1929954419142615,0.1961581608294244,0.2426184167667637,0.2534490335892008,0.3418823222529851,0.3650417747849044,0.1405977808349025,0.5276165425317497,Unsafe,synthetic,inclinado_jorobado_39
0.4495796460771454,0.6775698334364901,0.5391100882060316,0.157484626186406,0.1891508011571575,0.2586986509170004,0.1917173529398916,0.286444097432851,0.3450476282268136,0.2296811561191796,0.4048804493613637,Unsafe,synthetic,inclinado_jorobado_40
0.4370093594472914,0.7350617441632608,0.5508038173678915,0.2364788632850701,0.2543797923049324,0.2387421111402481,0.2063155204173271,0.458429821088733,0.3414478176763803,0.1680846894552602,0.4971118559298852,Unsafe,synthetic,inclinado_jorobado_41
0.4975596411755558,0.6789313843221516,0.4987041192178061,0.3123937768836031,0.1930737388155209,0.1907085847439169,0.2166372120911839,0.3456341939375466,0.3398847421472867,0.2224909148765797,0.4283247092707324,Unsafe,synthetic,inclinado_jorobado_42
0.4941050881566868,0.7765181923092701,0.5586471064878925,0.2049515158486614,0.1597157887828703,0.2035864010661956,0.1698414928780887,0.3348877386896691,0.3866524576429826,0.1306716358716406,0.5144800020164854,Unsafe,synthetic,inclinado_jorobado_43
0.4648125389942975,0.7150779114278148,0.4949204835919655,0.2731452426739774,0.2298253984068749,0.2583836210300029,0.1194098089682584,0.3831648428426421,0.3661942035054283,0.1357891501146973,0.4790281046491673,Unsafe,synthetic,inclinado_jorobado_44
0.4945813795613304,0.722243010952926,0.5470904546779543,0.2316492566738952,0.2389444556901238,0.2690413563964272,0.0653178018486902,0.3373024578064927,0.3434139588982419,0.1299160570909211,0.4837673223292925,Unsafe,synthetic,inclinado_jorobado_45
0.5299503108964202,0.6565372856163764,0.553456037547595,0.1833670609081424,0.1531235190528129,0.2790957453668014,0.158297687195527,0.3684884995604249,0.2751512753575605,0.2744927024557952,0.5041060978522599,Unsafe,synthetic,inclinado_jorobado_46
0.4727000062939895,0.7230218603999957,0.4836072228420876,0.2673012296701063,0.1670406089801427,0.2118372193980626,0.1603337754013806,0.3267739438901766,0.3777868244651363,0.2102362740041689,0.5060699256561216,Unsafe,synthetic,inclinado_jorobado_47
0.4796482124205771,0.7205279924430872,0.5232460502429985,0.3091892736563819,0.11728278334278,0.2704374929425194,0.2347162980288388,0.3159136477613762,0.4391709444222389,0.2398196113178127,0.5188455602729164,Unsafe,synthetic,inclinado_jorobado_48
0.481120887481035,0.691310953671253,0.5316236469184157,0.2356212238527807,0.2360474510013558,0.2272525687144568,0.1435422550745083,0.3829770824953992,0.3868460298557916,0.2261863811379114,0.5098199562609993,Unsafe,synthetic,inclinado_jorobado_49
0.4691628747936877,0.6628404333147768,0.5052722627743689,0.1545814700616856,0.189477944461838,0.2166620486709362,0.1624004918188116,0.2317752470261971,0.3001073012122332,0.2448336260561266,0.4534149599974747,Unsafe,synthetic,inclinado_jorobado_50
0.4944236671062736,0.6443725828009897,0.5975482192943693,0.2142388935978129,0.1916016158593414,0.3130311916752674,0.2406576040235761,0.3377373751485176,0.3262711926051856,0.1869781995392187,0.5003959299390615,Unsafe,synthetic,inclinado_jorobado_51
0.4757910346299651,0.6841902341998611,0.5986872500283618,0.2154316043288865,0.2719835637214928,0.2236297025500869,0.2514127357689891,0.364292776908425,0.3885184229299779,0.171015557939291,0.4458496310965035,Unsafe,synthetic,inclinado_jorobado_52
0.4983882382005994,0.7395421296986125,0.5416102600800186,0.1685442665966521,0.1255896653484269,0.1629145439125503,0.1092951154824247,0.3543794143778834,0.395001756868321,0.1994633685230076,0.3895834097064858,Unsafe,synthetic,inclinado_jorobado_53
0.472369581586618,0.6934880401346957,0.6238399500090176,0.1617144834832177,0.1643728958960321,0.2882341072217825,0.1979991336538619,0.372532522940657,0.3545833774809551,0.2131977415462906,0.5111043812111414,Unsafe,synthetic,inclinado_jorobado_54
0.4476205472442893,0.735122343156328,0.4850798793245784,0.2331347189132615,0.187149638531453,0.1953482764723156,0.1790925889869741,0.3250983938933778,0.3071319469255302,0.1858554103354542,0.4358404545851335,Unsafe,synthetic,inclinado_jorobado_55
0.4929118985637299,0.6539965802339054,0.568479080919642,0.1727408372828472,0.1573482033767597,0.1950158636713928,0.2330058691549935,0.3632115978246636,0.3415306478982242,0.2199487776427889,0.3957123061068124,Unsafe,synthetic,inclinado_jorobado_56
0.4782746564143637,0.7799005671121905,0.5452938602561069,0.2227165267667734,0.2019251351856878,0.2558242097325738,0.1001013322844056,0.2827069407283589,0.3584116516434458,0.1714049375240996,0.5324810104887966,Unsafe,synthetic,inclinado_jorobado_57
0.467393024404591,0.6226187705714752,0.4892794433262402,0.1100129592147769,0.1706349785086834,0.2124646349094246,0.1630214916087241,0.3931551615611895,0.3979407934606677,0.1931844630657555,0.3946122533009257,Unsafe,synthetic,inclinado_jorobado_58
0.5046912632196903,0.722214409140343,0.5523756628062778,0.2592591899723246,0.1334068761415583,0.3003502154474056,0.1416228898743252,0.3799689170880341,0.2825060922234659,0.1627894125091979,0.5406547458690134,Unsafe,synthetic,inclinado_jorobado_59
0.469564007079966,0.7335969042053119,0.5494782155487699,0.2158016737599931,0.2345540129973075,0.210533647013924,0.1087704756974611,0.3178703963219317,0.3720476691480677,0.2158203642545003,0.4173176699905824,Unsafe,synthetic,inclinado_jorobado_60
0.4510262992236719,0.6767311460319101,0.525381216235431,0.1649634564559379,0.1548651556752208,0.1908555805896189,0.2108613303904767,0.3823648524396097,0.3441675816764473,0.1843184081651707,0.4855969724815645,Unsafe,synthetic,inclinado_jorobado_61
0.447336995701777,0.6541267167133024,0.5023911516429713,0.1946074734411417,0.1334610480083091,0.226482382362515,0.2091886269513483,0.2865160679680703,0.3510051484486413,0.1912025681893465,0.4936603474214721,Unsafe,synthetic,inclinado_jorobado_62
0.4794824492758565,0.6418560288027347,0.4895044280457134,0.2211769430233989,0.2211512367898203,0.1314325051582798,0.1938290631920632,0.3975848802115057,0.3438789649517514,0.2220080998410576,0.4518772367640879,Unsafe,synthetic,inclinado_jorobado_63
0.4752253520289249,0.6351634592676739,0.4462262676632451,0.257710632049011,0.1406002028910223,0.2017788861998627,0.1245423098691922,0.2936012118766449,0.3430464919962153,0.1708169122345741,0.4951188399197879,Unsafe,synthetic,inclinado_jorobado_64
0.4981015367591836,0.7128339858529842,0.5495440316371378,0.2831107281972754,0.1372962492382045,0.2178026053518832,0.2253075928207835,0.4005815923735214,0.293129454026217,0.1875057823337652,0.5343248438346904,Unsafe,synthetic,inclinado_jorobado_65
0.5003231642079626,0.7078105212591909,0.5312926122626138,0.2046479629716902,0.1915287625236129,0.2099050350006206,0.1782968551582222,0.3531439482446015,0.32287713886026,0.2212851749552575,0.5965697859366168,Unsafe,synthetic,inclinado_jorobado_66
0.4089205344269569,0.7129605009675991,0.5095923964552438,0.24309610310077,0.1818622989331144,0.2504741909616985,0.2270202630603511,0.3576968447107272,0.3952820915365671,0.1062280842484529,0.5436180919166409,Unsafe,synthetic,inclinado_jorobado_67
0.4950024860756936,0.7431137342298072,0.4912049702063392,0.1867692047357865,0.1858375317657909,0.2193184844265014,0.1913227435203995,0.3933806064371986,0.279391187387886,0.2389527628686923,0.4803312763983171,Unsafe,synthetic,inclinado_jorobado_68
0.471848725555018,0.6411553906246044,0.5601219467350746,0.1234356859587585,0.2059357604495485,0.1603157665810803,0.1821383165046989,0.3452332465068831,0.3967815258917553,0.1928537932394444,0.4522344575541733,Unsafe,synthetic,inclinado_jorobado_69
0.4597358921611518,0.7509153107501865,0.5614518787672358,0.2045748007390735,0.1705421432014194,0.1573129163765821,0.1955389680340616,0.2796073716921813,0.3800718586334182,0.2051448636996506,0.5754780719829569,Unsafe,synthetic,inclinado_jorobado_70
0.4359945778510277,0.6958935163583746,0.6119315080369225,0.2676555856116566,0.152151517936804,0.2289586971349379,0.1800799742566035,0.3612782346957662,0.3220527825606067,0.1964271838919706,0.4160779049889314,Unsafe,synthetic,inclinado_jorobado_71
0.4854049380747233,0.7180008269368733,0.5309032234942447,0.1553979643766085,0.2195412745140585,0.2345810015197121,0.1509593960919609,0.3387759821264774,0.2899732238887264,0.1589835948888838,0.4584875461457144,Unsafe,synthetic,inclinado_jorobado_72
0.529136832491206,0.674419864364501,0.5656085463731504,0.1984673518855368,0.189917902434075,0.2143441799142479,0.2149222640037097,0.3286075464712576,0.2870988699999023,0.1447220387454547,0.4587249002422897,Unsafe,synthetic,inclinado_jorobado_73
0.4300376011728778,0.716408480627182,0.521369273405677,0.3149842620010573,0.1104914161945147,0.228145327148392,0.1348818790597732,0.3302639463846928,0.3556567789336217,0.1069851450050285,0.4894730446715211,Unsafe,synthetic,inclinado_jorobado_74
0.5561162984909667,0.6818624680652562,0.5503923142722205,0.2609968677250159,0.1734418599989201,0.1967615924587406,0.0889705438511299,0.3756396287757989,0.3454732636108441,0.1594926459444735,0.4850638684111077,Unsafe,synthetic,inclinado_jorobado_75
0.4566527857277527,0.678862954755379,0.5642516462443483,0.1664647035470462,0.2218926114429503,0.1640925534752638,0.1534919436657894,0.426917847762663,0.3950941904656969,0.2039041596998176,0.4423787913799513,Unsafe,synthetic,inclinado_jorobado_76
0.4588291077320042,0.7029310125834278,0.541500929293584,0.2163651628149615,0.1787666994366326,0.2114249956117954,0.1223208505743994,0.3293395703135666,0.3865849621594738,0.1452666280979553,0.4724177795384288,Unsafe,synthetic,inclinado_jorobado_77
0.4472098428491662,0.7044540171759244,0.5244546727573273,0.2790957465989868,0.2002633261676101,0.1675278733689115,0.2068491204645479,0.3190139257495175,0.3269201451448986,0.2125527608042849,0.4603301032107946,Unsafe,synthetic,inclinado_jorobado_78
0.5157142326529182,0.6690195975394642,0.5152421378963455,0.1937451642580756,0.1573744500657984,0.2639676622219125,0.2051518517444121,0.4183977581604828,0.4407057681559702,0.1587713187227064,0.4828167650930915,Unsafe,synthetic,inclinado_jorobado_79
0.0,0.0,0.0,4.163336342344337e-09,1.1102230246251564e-08,0.0,1.1102230246251564e-08,0.0,0.0,5.551115123125778e-15,1.1102230246251564e-08,Safe,training_pose_recording.csv_espejo,0_1_mirror
0.4936830489699823,0.0577121946672994,0.1111111111111111,4.163336342344337e-09,5.551115123125783e-09,0.0,5.551115123125783e-09,0.1612665063852924,0.0275535346122404,5.551115123125778e-15,1.1102230246251564e-08,Unsafe,training_pose_recording.csv_espejo,1_1_mirror
0.4936830489699823,0.1771953076134105,0.2222222222222223,4.163336342344337e-09,5.551115123125783e-09,0.0,5.551115123125783e-09,0.1612665063852924,0.1135376752298376,0.0,1.1102230246251564e-08,Unsafe,training_pose_recording.csv_espejo,2_1_mirror
0.999999999999996,0.2383332833757593,0.3333333333333334,4.163336342344337e-09,5.551115123125783e-09,0.0,5.551115123125783e-09,0.1612665063852924,0.1708571434319449,1.0,5.551115123125783e-09,Unsafe,training_pose_recording.csv_espejo,3_1_mirror
0.999999999999996,0.3624433019505584,0.4444444444444442,4.163336342344337e-09,5.551115123125783e-09,1.3877787807814455e-09,4.163336342344337e-09,0.3837709670132958,0.3109055171729852,0.0,5.551115123125783e-09,Unsafe,training_pose_recording.csv_espejo,4_1_mirror
0.999999999999996,0.4882502143294956,0.5555555555555555,4.163336342344337e-09,2.775557561562891e-09,1.3877787807814455e-09,4.163336342344337e-09,0.3837709670132958,0.3922714777598208,1.0,5.551115123125783e-09,Unsafe,training_pose_recording.csv_espejo,5_1_mirror
0.999999999999996,0.6151937058208837,0.6666666666666665,4.163336342344337e-09,2.775557561562891e-09,0.0,5.551115123125783e-09,0.6645181638253266,0.5743840436645713,0.0,5.551115123125783e-09,Unsafe,training_pose_recording.csv_espejo,6_1_mirror
0.999999999999996,0.7429331248212695,0.7777777777777777,0.0,0.0,0.0,0.0,0.6645181638253266,0.6739104363634685,1.0,5.551115123125783e-09,Safe,training_pose_recording.csv_espejo,7_1_mirror
1.0,0.871250431554502,0.8888888888888888,1.1102230246251564e-08,0.0,1.1102230246251564e-08,0.0,1.0,0.8871897965084856,0.0,5.551115123125783e-09,Safe,training_pose_recording.csv_espejo,8_1_mirror
1.0,1.0,1.0,5.551115123125783e-09,5.551115123125783e-09,5.551115123125783e-09,5.551115123125783e-09,1.0,1.0,1.0,0.0,Safe,training_pose_recording.csv_espejo,9_1_mirror
0.3184006357503802,0.2921886831901772,0.4300180478322583,0.1679128197255072,0.1851136161266914,0.2576225886556486,0.1019585924538465,0.3493279536998284,0.3373502963062567,0.1658782428970568,0.3151759189945132,Safe,synthetic_espejo,derecho_0_mirror
0.3626412279024487,0.3111116774171579,0.4450896482787213,0.2347500313632999,0.14164469596684,0.2387003736900818,0.1456283014846704,0.3480029635605499,0.3851380120522908,0.1926055054581895,0.2527628182238424,Safe,synthetic_espejo,derecho_1_mirror
0.3538188207172479,0.3289016535469612,0.3828668871134757,0.2346177625745631,0.1965093044638395,0.2059146579804708,0.2012923674221339,0.4356659040348184,0.3672328401203152,0.1837433993446154,0.2595102908371385,Safe,synthetic_espejo,derecho_2_mirror
0.3846391769030198,0.2474490908700849,0.4451588917088357,0.1870207513723504,0.206023711512988,0.215442101693805,0.1463937409214988,0.3717261707322077,0.3797301668481376,0.1733796117084522,0.2892864529226688,Safe,synthetic_espejo,derecho_3_mirror
0.3687475438691605,0.2846674323656291,0.4348571511179276,0.2227031627795556,0.1915647759475993,0.2289438219509872,0.2071565425228758,0.2917137672057733,0.3752515290335416,0.1872131513457079,0.2611850938282882,Safe,synthetic_espejo,derecho_4_mirror
0.3489943099509326,0.2544448860702663,0.4597976524493758,0.1526852091353678,0.166604598800569,0.1853667553722702,0.2187311341836592,0.3734488932543711,0.3565101226042002,0.2284490631917142,0.311733889407997,Safe,synthetic_espejo,derecho_5_mirror
0.3415059282934173,0.2660509971100625,0.4343190352502862,0.1746685114398607,0.1432219085599355,0.2123478270047354,0.1289725470664831,0.3556970294428226,0.3698864297621505,0.2276194141627107,0.2629098941465386,Safe,synthetic_espejo,derecho_6_mirror
0.3850236157586935,0.2863415876430686,0.3876261384111905,0.2054778461373971,0.1647304842400668,0.2382710095022964,0.1535229623573339,0.3694788992314232,0.3021664141764384,0.181223906391891,0.2804997647491075,Safe,synthetic_espejo,derecho_7_mirror
0.3778612470411978,0.2992298663562364,0.4266154043589115,0.216811271563744,0.1125066226416788,0.216060580619623,0.1630680675182338,0.2970920155058238,0.2921155011030765,0.1601101268959407,0.2959909690689375,Safe,synthetic_espejo,derecho_8_mirror
0.3448734978384244,0.2437808377855976,0.4519691319114426,0.1826552927996049,0.1717824976852948,0.2057494411575429,0.2095006227386834,0.3364386769639775,0.3119991178035767,0.2336123254982958,0.210907183072306,Safe,synthetic_espejo,derecho_9_mirror
0.3695094240932912,0.2973769457418343,0.3762340017721282,0.1988202916374479,0.1893070484541881,0.1621576858244618,0.1828851803085547,0.4140711556528366,0.3508740858209377,0.190425774901079,0.2390601002951254,Safe,synthetic_espejo,derecho_10_mirror
0.3687998673588706,0.2871710253982527,0.4543675030096175,0.2785321156487825,0.1324494778270859,0.2534044498365831,0.1942748423659803,0.312936962343779,0.32440993869001,0.1844076078737692,0.2249325540977476,Safe,synthetic_espejo,derecho_11_mirror
0.3511110921160491,0.3054060378725762,0.3411677482198937,0.2535250627157752,0.2598692356676714,0.1793768367516983,0.1925405538980078,0.3665763773310398,0.4665544986402932,0.1604184751987254,0.1947181487707476,Safe,synthetic_espejo,derecho_12_mirror
0.327482356187587,0.2907084584937535,0.3833857095928126,0.2626392092315057,0.1862819426978137,0.1955161280376076,0.1743683645433446,0.3085738498869675,0.3436546065184524,0.1330126822118257,0.2605476836370668,Safe,synthetic_espejo,derecho_13_mirror
0.4307171965431953,0.2778486979672672,0.4052109808589154,0.172602249343319,0.1413953295107051,0.2593095804409223,0.1600281760584339,0.4351387892974065,0.3209909574185698,0.1671445328310245,0.3135395681494538,Safe,synthetic_espejo,derecho_14_mirror
0.3972629205149698,0.2438829128765189,0.4153980386442345,0.1938084921828244,0.1978428880592832,0.2137344840936763,0.1783694989545826,0.30097576944931,0.3318006607863688,0.1488824970272152,0.2869035167088848,Safe,synthetic_espejo,derecho_15_mirror
0.3663996645429376,0.3431636502564174,0.3952544669556047,0.2287753000545542,0.1635629107666505,0.2314330455841017,0.2322400696682729,0.3671502575384645,0.3942515484023955,0.2614302396798397,0.2873293774888762,Safe,synthetic_espejo,derecho_16_mirror
0.3052736320301734,0.23102123873118,0.46603711728925,0.2046725071545604,0.238457771689688,0.2889466288313319,0.1728192314686959,0.3142109192417669,0.3057181727182604,0.2257330717875618,0.2642157950856164,Safe,synthetic_espejo,derecho_17_mirror
0.3534622840590195,0.2797951253311971,0.4135029819519573,0.2457575517310743,0.097993115958759,0.2762992744525486,0.1836233962760698,0.3162707891882851,0.3480512639227953,0.1512474775830549,0.24487390532285,Safe,synthetic_espejo,derecho_18_mirror
0.3966361016942406,0.2666350623719675,0.3469442912904175,0.2068930762255215,0.2201103130121841,0.2212252597037767,0.1606332226666568,0.4034959242977097,0.371524617480157,0.1938197728300039,0.2521622955331719,Safe,synthetic_espejo,derecho_19_mirror
0.3696998716508489,0.27104564732478,0.4070629343381484,0.2291291332055562,0.2806989615013568,0.1766244771106653,0.1836195912651149,0.3158702659776471,0.4250737844512667,0.1885046655380329,0.2214623199265199,Safe,synthetic_espejo,derecho_20_mirror
0.3726242001436136,0.2563717194414606,0.4482341448355293,0.1341084388104538,0.1734933631782036,0.1908366464902556,0.1538341423972881,0.328822422905357,0.3075034235256174,0.1649255688732964,0.2762294978298977,Safe,synthetic_espejo,derecho_21_mirror
0.3013181901843604,0.2096908643457347,0.4851698844811319,0.2934765411328526,0.2962026867696162,0.1685030967490387,0.1361285768618144,0.3352700417284787,0.3031373348469863,0.2136622220376204,0.3491479057762237,Safe,synthetic_espejo,derecho_22_mirror
0.3501888861623156,0.2405257168628705,0.4310935030424698,0.2146470814193583,0.1250041676652007,0.2373906429786647,0.164953757150796,0.3393445003996417,0.3404730502410134,0.2092867955850502,0.2577869112472394,Safe,synthetic_espejo,derecho_23_mirror
0.4005086327127932,0.2988615409018056,0.4062171731067386,0.2200033757236565,0.1511376786582861,0.2340702563359681,0.1821262139031146,0.3461085360634604,0.3626597704669323,0.2837267323572238,0.3429341960990097,Safe,synthetic_espejo,derecho_24_mirror
0.3294777116122093,0.2954338621022601,0.3555035411206633,0.2392057361356644,0.1102165605210322,0.2676457181235546,0.1905099690058855,0.3681768135285745,0.3870975392623272,0.1555827726234209,0.261139007702002,Safe,synthetic_espejo,derecho_25_mirror
0.3620986719342497,0.2905486881742608,0.3883131525678578,0.2261025004840987,0.2388596789197262,0.2158604692773615,0.1699209048717245,0.3405259894196126,0.247333662362748,0.2070604968548978,0.291839759587484,Safe,synthetic_espejo,derecho_26_mirror
0.2897311287008567,0.2651234167471484,0.4131198193485644,0.2545531205479275,0.1668589910750842,0.2890940085665674,0.1186455438033544,0.307884059571842,0.3475470261668461,0.1866217531057649,0.3320017837879583,Safe,synthetic_espejo,derecho_27_mirror
0.4292924642163978,0.3033062096795083,0.4470964755591077,0.2375597263495319,0.2131195270718823,0.237563467157183,0.2497573810467117,0.3526618326343682,0.3381371618586116,0.1721030470679889,0.3195833573837942,Safe,synthetic_espejo,derecho_28_mirror
0.3912940136967064,0.2328678550754054,0.3923739576997936,0.292825846305872,0.2092309876455458,0.2668498837386928,0.2100347595492503,0.3473218730840719,0.2871183897738703,0.1531197122962073,0.259268806305349,Safe,synthetic_espejo,derecho_29_mirror
0.3855013524359079,0.3404491373310689,0.3720427828568501,0.1713375940247549,0.1531543889041367,0.179451305342384,0.1813112837150504,0.3962124814442678,0.3624803788620497,0.2243504588889776,0.188348419656076,Safe,synthetic_espejo,derecho_30_mirror
0.3628813429293032,0.2921746691612104,0.4165556114149077,0.1963558629923557,0.2036362529117341,0.2846483872660483,0.0974704689278102,0.4090379619221403,0.2867362240218423,0.2147342645080263,0.3138633594337361,Safe,synthetic_espejo,derecho_31_mirror
0.3925505475986485,0.2571622535391282,0.4427388622395615,0.230813729571269,0.1454661894104247,0.2293151208054867,0.1893760357079478,0.3438990987019056,0.3440988527903859,0.2153357545741398,0.3199929698764118,Safe,synthetic_espejo,derecho_32_mirror
0.3549996387872169,0.2376585567208636,0.4592582219063589,0.2280922476732477,0.2137754076194128,0.1902564708474974,0.1471099993083872,0.4031584236174795,0.3504570422224263,0.2342717593026611,0.3136728026756025,Safe,synthetic_espejo,derecho_33_mirror
0.4531061240138434,0.3021646600529638,0.3917935324453582,0.2016920227617269,0.1843152177737213,0.1398591083173394,0.2441701744606856,0.2859096183576429,0.4023820273944211,0.1499341114357544,0.2159488825152458,Safe,synthetic_espejo,derecho_34_mirror
0.3775854642406798,0.248234548398983,0.4209675137125108,0.1275958625346942,0.1821741434156152,0.2310509671731421,0.1234893646443053,0.3683754308686644,0.3311289586544665,0.2280781450488508,0.2855296572823473,Safe,synthetic_espejo,derecho_35_mirror
0.3691684549646027,0.3104053234150342,0.4212025882240587,0.2278710438662783,0.2128211390166967,0.1918130694852047,0.1728155434467416,0.3708466902292844,0.3342503531110171,0.1893664483233848,0.2752983133068748,Safe,synthetic_espejo,derecho_36_mirror
0.2802775851578338,0.3131807616809629,0.3481411068770096,0.1928694223937929,0.2099773559891096,0.1607125841022871,0.0866553552060678,0.3579116032776741,0.338604637344697,0.2435686998684317,0.3331074452907077,Safe,synthetic_espejo,derecho_37_mirror
0.4141434355827759,0.2772344826109544,0.4036850663373644,0.1607785394973993,0.1444746458506539,0.1865040710469015,0.1562239859120505,0.382143400775144,0.3356793324770228,0.2688307932466394,0.2247127393849184,Safe,synthetic_espejo,derecho_38_mirror
0.3183782424336986,0.2957130987303968,0.4189878835385281,0.2571318796627393,0.1557999714876507,0.2147565339724909,0.1067637669660987,0.3072099035484124,0.3286439904650577,0.1738286689324978,0.2971156176277967,Safe,synthetic_espejo,derecho_39_mirror
0.3731464800912993,0.2724302263625438,0.4144768741571538,0.1609256873261707,0.2226888966628793,0.2728264662211266,0.1662885539654248,0.394583697783095,0.3367404731161098,0.2153350845272988,0.2747544987918662,Safe,synthetic_espejo,derecho_40_mirror
0.438040502405052,0.2939510357618518,0.4830792211621501,0.2630496062986554,0.1461735586893061,0.2227752454053111,0.186407623732683,0.3489654860818457,0.3633228149047302,0.2125563284583021,0.2466652477620238,Safe,synthetic_espejo,derecho_41_mirror
0.2770806625603483,0.2164173002676412,0.3553046354804157,0.2974892464971806,0.2242397347962919,0.2016529886024266,0.1682723365340495,0.3639083380980382,0.3115163553463348,0.183716870545987,0.2686254464783962,Safe,synthetic_espejo,derecho_42_mirror
0.3847668446790158,0.2874130259766153,0.3864296606446394,0.2202535624944907,0.2839069490638333,0.2625540613093743,0.1343224709543038,0.4073285802642469,0.3589231897050109,0.2036608071269283,0.3032310838131919,Safe,synthetic_espejo,derecho_43_mirror
0.3531836967534318,0.2777286722242923,0.3688207041309832,0.2466234094525371,0.2234114801778364,0.2372120543583021,0.1459385124325692,0.3385500506577723,0.3646612562894892,0.2181586231723478,0.2676530777781435,Safe,synthetic_espejo,derecho_44_mirror
0.286743756631395,0.317421885018606,0.3865757052752542,0.2745544891925564,0.2158073992788674,0.1403675201950401,0.1201975667909117,0.2898998617583641,0.3212207906686083,0.0814188464863339,0.2582601796826946,Safe,synthetic_espejo,derecho_45_mirror
0.3773953708585459,0.3768166004898961,0.3776171085580204,0.2081070654920946,0.1839790989206295,0.2386032083800122,0.1175616658802222,0.3816322448676032,0.346555973927158,0.2137858090494421,0.3067330407243199,Safe,synthetic_espejo,derecho_46_mirror
0.3959126163364219,0.2524651087107696,0.4651574779049596,0.2734313734528093,0.1723462405321975,0.1811940192139434,0.1444921737714176,0.3322985715243126,0.4061528556826622,0.2582018230508284,0.2852594326722181,Safe,synthetic_espejo,derecho_47_mirror
0.4225887208667962,0.2903291529329078,0.3855291809022331,0.2380933580257255,0.1173696371127794,0.1823551161630016,0.1620574316788658,0.3284491472952902,0.3754988361060448,0.2459125064293425,0.1842295878039811,Safe,synthetic_espejo,derecho_48_mirror
0.2925412739506359,0.2485373689958332,0.3669508213454419,0.2098648972420794,0.1736326051447975,0.2299066360443577,0.1728309349820098,0.3096585583222757,0.3581355296247977,0.228273985635962,0.3065066388154194,Safe,synthetic_espejo,derecho_49_mirror
0.3822613377100505,0.295401517506244,0.4118567200323464,0.2077166712666169,0.1498588967857048,0.3014029321092427,0.1765162331578996,0.3002211284959569,0.3087094931768865,0.1644481074707632,0.2771727847339171,Safe,synthetic_espejo,derecho_50_mirror
0.3620456823420865,0.2933718051399086,0.3693785889028115,0.2136140677031193,0.1538833542134115,0.2560073825607985,0.2095765068920378,0.3575189434994441,0.3719371168331919,0.1420749096233981,0.2772807897606238,Safe,synthetic_espejo,derecho_51_mirror
0.3240122085404899,0.2904814324829752,0.4075937357134977,0.2699179994023772,0.1698993066278814,0.1618071005896884,0.2334474440004868,0.253603121368005,0.3645381735135629,0.1537460935893866,0.2682488431939148,Safe,synthetic_espejo,derecho_52_mirror
0.3885758593052264,0.2371146791429256,0.4798918612299198,0.2294179347323972,0.2444446459399848,0.1729354112228279,0.1465014638365923,0.3599614448922776,0.3011050274984038,0.2728519540325244,0.2139296340728293,Safe,synthetic_espejo,derecho_53_mirror
0.3430557357415665,0.2287572317261667,0.3791764634857836,0.1490015176143148,0.2006164161160324,0.2525040515101457,0.1896663887928335,0.4009778886776495,0.3268984445057739,0.1748964985425232,0.2545353886759106,Safe,synthetic_espejo,derecho_54_mirror
0.3905170592934775,0.3016452644321812,0.4179239745574482,0.178627677933024,0.1894110444635305,0.1525761073046077,0.20152137759713,0.3678528859017225,0.2930506225840376,0.1677360438277051,0.2286946139895791,Safe,synthetic_espejo,derecho_55_mirror
0.3696657808670701,0.308552805459296,0.3754409279442841,0.2212843069588373,0.190756537907144,0.2780471539608425,0.1623739031372102,0.3688454517359971,0.3252133626348554,0.178661906113411,0.2635344671113516,Safe,synthetic_espejo,derecho_56_mirror
0.3183765578995027,0.3345057055921336,0.3034887867628204,0.2037892293820267,0.1025264783751925,0.2844374798004758,0.2819731181042801,0.3385510820063732,0.3375806409521622,0.1924030463591097,0.2354644783231261,Safe,synthetic_espejo,derecho_57_mirror
0.3809802950114435,0.3031824456990591,0.3402237752072277,0.2268784132974824,0.1665069935172597,0.2479678692677955,0.2621073992778356,0.3746102706787424,0.3443198714236991,0.1307731357797112,0.2865756281190921,Safe,synthetic_espejo,derecho_58_mirror
0.4339130005182419,0.2643814420214876,0.3930330906478017,0.2434903666721116,0.1927760105516491,0.2867155044447808,0.1358503720887197,0.3570958445854776,0.3152381100854087,0.248500753473264,0.267048331828536,Safe,synthetic_espejo,derecho_59_mirror
0.3592974869409022,0.2123214940332095,0.3639030762082995,0.1517739113593793,0.1153736664271728,0.2063063624534447,0.1767364892125951,0.3290912521532128,0.369282673421021,0.0974102263271773,0.3113937614643254,Safe,synthetic_espejo,derecho_60_mirror
0.3314450070385407,0.2908947902109696,0.3473267915576704,0.3153040913073629,0.1968075439489975,0.2534323158525735,0.1939740249024171,0.3433228827956573,0.3655081256504806,0.2326710346880316,0.3050034080499261,Safe,synthetic_espejo,derecho_61_mirror
0.3391470832545086,0.3300690003426078,0.3825837010822415,0.2799349776118693,0.1616463802740279,0.2008358731635208,0.2116320688471595,0.3625630889547919,0.3330090508882763,0.1901695399994839,0.3180821461255956,Safe,synthetic_espejo,derecho_62_mirror
0.3269317981233242,0.1899289083752381,0.3687033466415422,0.1833937553661629,0.1719558138192468,0.1271857595045541,0.1414544622252478,0.3401975739523719,0.3945186356664105,0.1587674511891538,0.2777218183514588,Safe,synthetic_espejo,derecho_63_mirror
0.3209616473554038,0.321966944857654,0.3635770046431421,0.2458993876283789,0.1794541283281881,0.2423419583709689,0.1711385553707679,0.3085968754383743,0.3780665459235827,0.1995166139684693,0.2715723994254737,Safe,synthetic_espejo,derecho_64_mirror
0.2974608820852525,0.2313643630358348,0.4274299614109865,0.2161528425230667,0.2251207542939721,0.2059619047112808,0.1391087887341068,0.2901344524038669,0.258770486185123,0.1630845423241893,0.3384471546688132,Safe,synthetic_espejo,derecho_65_mirror
0.3906926896184491,0.2913034793167718,0.3543935632349508,0.2223309732374178,0.201949552754565,0.1752185649891789,0.1979125486689084,0.361125749058185,0.3424931603628618,0.2063247633962043,0.311110695563397,Safe,synthetic_espejo,derecho_66_mirror
0.2952051202243292,0.3122803312777789,0.3101092577863658,0.1791750792194665,0.1056065837381748,0.2600698159060602,0.2275090037304774,0.3872335290540211,0.353961392840288,0.2719037808973726,0.3006519028840581,Safe,synthetic_espejo,derecho_67_mirror
0.3242747751366055,0.2651313321365722,0.4004580516668262,0.3019502260345315,0.2514067360828852,0.2080294118445897,0.1393972837708473,0.3131659840876348,0.3954419473422171,0.2342007729718911,0.3055850563799161,Safe,synthetic_espejo,derecho_68_mirror
0.4099866106817511,0.2977018249681621,0.4254148457144511,0.2336316563200842,0.1086555548114326,0.2496005694521734,0.2054762513348884,0.3277523216460349,0.3533448430964223,0.1488063616943992,0.347272664772033,Safe,synthetic_espejo,derecho_69_mirror
0.4143688240118245,0.3491598136354281,0.410208536674235,0.2281118910759111,0.1362611451815206,0.2740250048381062,0.180482127224073,0.3524154371369766,0.3658796521799535,0.1478939153266214,0.2779521155273362,Safe,synthetic_espejo,derecho_70_mirror
0.4319024466657856,0.2768108174457276,0.4357685331405364,0.2217684951241679,0.1718834406081781,0.2204578175636586,0.1899514923920433,0.3439579248957228,0.3067029121044685,0.1701560697338994,0.2299873784430741,Safe,synthetic_espejo,derecho_71_mirror
0.3756505863973294,0.3004488725819014,0.3285316995452769,0.2623689495558528,0.2210334737154095,0.2150926145001949,0.2198280554359969,0.3161981868812339,0.3515565282760584,0.1566520469056775,0.2937841961900143,Safe,synthetic_espejo,derecho_72_mirror
0.4114932444642026,0.2951712013746065,0.4439991860136834,0.207235736119564,0.1886892477924209,0.2147108537387531,0.1302317648455652,0.3268842356768937,0.3419166701844238,0.2101153925987959,0.2598416903435756,Safe,synthetic_espejo,derecho_73_mirror
0.3724581133721376,0.254877356650985,0.3839202967948318,0.174422839956337,0.1607503550453835,0.2297641755591341,0.1909281609140849,0.3035168194906285,0.4075110775966585,0.1153338220411787,0.2055261938702995,Safe,synthetic_espejo,derecho_74_mirror
0.361236691121308,0.2811643978630668,0.3952955657829952,0.2358373549772329,0.2424575280721429,0.26856759315714,0.0730866226758824,0.3348077395284041,0.3048887694043314,0.1698843233108551,0.2442261581568988,Safe,synthetic_espejo,derecho_75_mirror
0.4170994113473802,0.2669495197990784,0.4734954670195008,0.221423059079385,0.2501476410680432,0.206562430998394,0.2562024085625788,0.3552423130418457,0.3462680540138603,0.2146189789057133,0.4071541471747014,Safe,synthetic_espejo,derecho_76_mirror
0.3317094188019415,0.3140514229937916,0.4387599148110343,0.2563440543956845,0.1812434235108461,0.2055266985166263,0.1604099926839516,0.3505594088746117,0.3611430365804722,0.2134633250642174,0.296998635897446,Safe,synthetic_espejo,derecho_77_mirror
0.3866629067443813,0.2025213226917834,0.360719223206788,0.2233592401325781,0.1522597534171087,0.1623080345776235,0.1776635502456527,0.2963129933451637,0.3832412743067189,0.1837222500490976,0.25660503460268,Safe,synthetic_espejo,derecho_78_mirror
0.3711545713858896,0.2781365091864264,0.3596842820150582,0.1443221498675235,0.1016563423841187,0.2489713070982491,0.1825200947333879,0.3411613072885458,0.3495072282828275,0.1958631954570146,0.2788807017387913,Safe,synthetic_espejo,derecho_79_mirror
0.737905984393932,0.4890223935804072,0.4955558039632977,0.2315566666867483,0.2297978951458578,0.1731211362839682,0.1362670456845047,0.2499320062336137,0.3327464224704196,0.131840285495585,0.4466785310881595,Unsafe,synthetic_espejo,inclinado_jorobado_0_mirror
0.6836644549098109,0.4576908445001914,0.5415432449192367,0.1929593077727452,0.1455072816209782,0.2075301467671021,0.2219735844217363,0.2885743172029552,0.3691550215408184,0.2155876682128001,0.4841021273490506,Unsafe,synthetic_espejo,inclinado_jorobado_1_mirror
0.7635310442859704,0.4741023004032733,0.5151117021882113,0.1689193422011908,0.182796783239793,0.3024119268209631,0.170982742030876,0.31992976608746,0.3069501919872492,0.2158813320006196,0.502223283546005,Unsafe,synthetic_espejo,inclinado_jorobado_2_mirror
0.7394962058018559,0.4551132919898296,0.5863003103208454,0.274537148483428,0.1047680628810376,0.2774520702625316,0.2011765362850288,0.3153197897470629,0.3372837380548614,0.2047690344450957,0.4571420312321305,Unsafe,synthetic_espejo,inclinado_jorobado_3_mirror
0.7752869952081619,0.4733536863220107,0.5332112081431849,0.2230285315182733,0.1802406672174428,0.2365516926876085,0.1707092268030305,0.3966123014218871,0.3679329626389264,0.2658957599041331,0.4923848032763666,Unsafe,synthetic_espejo,inclinado_jorobado_4_mirror
0.6539654196325773,0.5035818754414241,0.5364849303033752,0.228464389311802,0.215455758382718,0.2576115785953435,0.2146387455366861,0.3980122503303728,0.3696306683597527,0.2115743662782844,0.4657720673771586,Unsafe,synthetic_espejo,inclinado_jorobado_5_mirror
0.5827762249658889,0.4934336502773209,0.555315429455402,0.2380707440376393,0.1991011734906718,0.0740634869914086,0.1110614637037832,0.3215159183248424,0.3035028487944027,0.2548216395445652,0.4606387947370929,Unsafe,synthetic_espejo,inclinado_jorobado_6_mirror
0.6999232058729461,0.5697168124961194,0.5563214470752507,0.1799062407723679,0.1756109019322284,0.2846749759399443,0.1852410846477367,0.2954103339119374,0.3485755705523963,0.1897667171463671,0.4503123162401025,Unsafe,synthetic_espejo,inclinado_jorobado_7_mirror
0.7013844749674102,0.5169743102874973,0.5286881700340972,0.2446725679875911,0.1400115108532247,0.2157527227750969,0.1889248807362466,0.3941871686161012,0.3083364946951491,0.1835065251118108,0.423326316296125,Unsafe,synthetic_espejo,inclinado_jorobado_8_mirror
0.7185347922413075,0.4977525083753241,0.4787713897097317,0.2349754580682505,0.2052792593504558,0.2291792686185442,0.2094233236971349,0.3632416061998478,0.29382923607637,0.1878952096211821,0.4606883936510142,Unsafe,synthetic_espejo,inclinado_jorobado_9_mirror
0.7591709804269692,0.514822224376789,0.6117748021840144,0.2341088065210537,0.2106729148713697,0.2725923148602362,0.1756106327347926,0.3552305675164617,0.3548471179719784,0.2329501252750473,0.4776286941589627,Unsafe,synthetic_espejo,inclinado_jorobado_10_mirror
0.6834210773665657,0.4508285225450535,0.5653564151093498,0.2468031696880876,0.1650063414840956,0.2201197316479982,0.1936083990747335,0.3651537041383357,0.3802499265451922,0.1506074765235408,0.5376921916474497,Unsafe,synthetic_espejo,inclinado_jorobado_11_mirror
0.6337961862725926,0.4599702102497233,0.4981982516165479,0.2090459797781505,0.1665267212943763,0.1791581935728671,0.1820869327463013,0.3635950144477081,0.3747880786192991,0.2126419148257714,0.4963931382931477,Unsafe,synthetic_espejo,inclinado_jorobado_12_mirror
0.6156818663289022,0.5046453867200895,0.5254224699094215,0.2198146811110262,0.2218212909915872,0.132791597420421,0.1814423970719118,0.3581110019300946,0.3975053757088448,0.179985556904124,0.4994064445018294,Unsafe,synthetic_espejo,inclinado_jorobado_13_mirror
0.699944293942266,0.4588832945070274,0.5794454526784307,0.247096054747692,0.1418083273147671,0.197689146160423,0.2122271455697,0.3779426538148602,0.388955765128696,0.2040770354949063,0.4495070616788938,Unsafe,synthetic_espejo,inclinado_jorobado_14_mirror
0.6784934969238791,0.4456317592569772,0.5617037785316784,0.1703297788448643,0.171837256622446,0.1817749933039441,0.1975004899447948,0.4478052058023566,0.3543859101829603,0.1449073737791853,0.5388805826596054,Unsafe,synthetic_espejo,inclinado_jorobado_15_mirror
0.7164468767206384,0.4859936965594912,0.5447339165355282,0.2781620072582983,0.1617411542310111,0.2377890727278093,0.1738525958255193,0.324225315191479,0.3952893828871698,0.1975899261439485,0.4371214979083912,Unsafe,synthetic_espejo,inclinado_jorobado_16_mirror
0.7578050382770614,0.4982009488139007,0.5369057528071659,0.2108282938579077,0.1162882296111388,0.2121245720518436,0.1354153214772829,0.3590714418443654,0.3134848805312469,0.2527605279096558,0.5923684344491801,Unsafe,synthetic_espejo,inclinado_jorobado_17_mirror
0.7574120062658175,0.4565365965971639,0.549750099216066,0.2224766593471983,0.1844158290244887,0.2139500941301449,0.1973037780690461,0.2940756136080459,0.3336666734869332,0.1382549918991167,0.506129795331249,Unsafe,synthetic_espejo,inclinado_jorobado_18_mirror
0.6761564440137533,0.4689319963965714,0.5403402250689262,0.1937578025343613,0.229051718225958,0.2517972901166251,0.1872145577210559,0.3697822662129141,0.4131674201192652,0.2389465404537636,0.5296783998725524,Unsafe,synthetic_espejo,inclinado_jorobado_19_mirror
0.7245639670845049,0.5252039726561806,0.5639338818829953,0.2480289262743834,0.1257674411549378,0.2407864229338601,0.1361064930181182,0.4021426027123235,0.3182160217949977,0.2336088065077679,0.5394959315874345,Unsafe,synthetic_espejo,inclinado_jorobado_20_mirror
0.6539100463489292,0.4691330246525083,0.5303825121171863,0.265347219150268,0.1655491829998621,0.2240812518896229,0.1831595486536003,0.3104549140226157,0.3640813788721169,0.2180126911217525,0.4801243420074254,Unsafe,synthetic_espejo,inclinado_jorobado_21_mirror
0.6905668255130059,0.4500074664686193,0.5326329701393911,0.2160621599076848,0.1702441555929064,0.2091937948265161,0.2508536496907073,0.3142317059208209,0.2661019616955943,0.1894770630217458,0.4525658929529342,Unsafe,synthetic_espejo,inclinado_jorobado_22_mirror
0.6934024889841512,0.5352683037351118,0.5915377699727301,0.2164481420914999,0.1801518500648583,0.2224681853620147,0.181489113456863,0.2572155709299512,0.4187518001219943,0.1199381702224528,0.4582731667577554,Unsafe,synthetic_espejo,inclinado_jorobado_23_mirror
0.7276041769905605,0.4805811152775027,0.558923487921099,0.2612078161261092,0.1873623132508626,0.2046301634847772,0.2207617477296705,0.3609058105372851,0.3885063028994736,0.1775406789286846,0.5079126735600001,Unsafe,synthetic_espejo,inclinado_jorobado_24_mirror
0.7000535938701794,0.4844245249031471,0.598918142887583,0.1725171829450252,0.1654695740972477,0.1219651148583965,0.1232926331936172,0.2897069740890781,0.3398156732093588,0.1605936787075669,0.4455663328590571,Unsafe,synthetic_espejo,inclinado_jorobado_25_mirror
0.7720696779098858,0.5782969636830356,0.5235300232926141,0.1436747834709893,0.175324792543659,0.205456668387728,0.1340318401124682,0.3466059787335195,0.3100859206702389,0.1359917660382609,0.4495210216675896,Unsafe,synthetic_espejo,inclinado_jorobado_26_mirror
0.7146483839113574,0.4859450838121132,0.5566988783496806,0.1879915321359259,0.2053143165842922,0.1671804406337185,0.2141874292054224,0.294944500036882,0.3495744529352722,0.1873520918167525,0.4946145496825507,Unsafe,synthetic_espejo,inclinado_jorobado_27_mirror
0.6943604841022232,0.504518615218984,0.6012711556240421,0.2500048724854777,0.2573517394075275,0.2603004308394623,0.1697338353440098,0.3008800047671001,0.428419384031321,0.162938675553714,0.5393967514693541,Unsafe,synthetic_espejo,inclinado_jorobado_28_mirror
0.6470983546683328,0.4376687579664945,0.5205522347720382,0.1939774551837763,0.1530315015310196,0.2368090683789834,0.1759041317355561,0.3148196148536423,0.3215065174234916,0.2912653150910425,0.4919004428474222,Unsafe,synthetic_espejo,inclinado_jorobado_29_mirror
0.680436901275243,0.5154703621761896,0.532561732912558,0.1648796289260853,0.1075752528007842,0.1914578407451858,0.0739316666032319,0.3021856410280759,0.2600086488819356,0.2529982271752652,0.4782225532918258,Unsafe,synthetic_espejo,inclinado_jorobado_30_mirror
0.716439303076035,0.5316225504928469,0.5713023530286064,0.2491485693629738,0.1569341083106522,0.183964120187817,0.2009580381677068,0.3726475103429933,0.3723816148246466,0.1780178951547966,0.4350892627091601,Unsafe,synthetic_espejo,inclinado_jorobado_31_mirror
0.7034602216768584,0.4326348667240691,0.5530803947515727,0.2428214814455394,0.204727628586612,0.1882989667816834,0.1810634136530439,0.4010792332879217,0.4120752048048995,0.1599483426897382,0.5473434483815209,Unsafe,synthetic_espejo,inclinado_jorobado_32_mirror
0.7417949124981771,0.4587609398177714,0.5427194650420436,0.213137419591346,0.1176246705877756,0.2035140248617213,0.1076921256090026,0.4106717062855699,0.3886919694337108,0.1681235604281324,0.4920788297007708,Unsafe,synthetic_espejo,inclinado_jorobado_33_mirror
0.6748606107945284,0.4509843391196809,0.5709797881546149,0.2007107008518831,0.2199734532989795,0.2184584695262635,0.2495859216772404,0.3818311203897693,0.3538965365183112,0.1821136937068021,0.4780176464979366,Unsafe,synthetic_espejo,inclinado_jorobado_34_mirror
0.6665577154061685,0.4753800448280426,0.5664832613832701,0.2814786261567057,0.2379737920494521,0.2460099602231345,0.2037421877962226,0.3649220927373671,0.3350022124060345,0.1750559724296715,0.4809342126445822,Unsafe,synthetic_espejo,inclinado_jorobado_35_mirror
0.764802812365442,0.4560100220352454,0.5545479260137185,0.1331753836081835,0.0994358962053884,0.2112788348758231,0.227744742874255,0.3524187379246947,0.3818335462087909,0.2100178520104304,0.426944155867258,Unsafe,synthetic_espejo,inclinado_jorobado_36_mirror
0.7801403764160536,0.4790706515659853,0.5729679847918345,0.2042170859252242,0.0948320844319992,0.2267882618057125,0.1624378435958025,0.3838193243392741,0.3603056168368464,0.1369752269131754,0.4535433243077273,Unsafe,synthetic_espejo,inclinado_jorobado_37_mirror
0.6613859522076494,0.4337014147106631,0.542139265072876,0.2501542027973473,0.1699558964785235,0.136623913800461,0.2045708175342825,0.3101432549599044,0.2507716596006183,0.2493160773641078,0.3688802287708571,Unsafe,synthetic_espejo,inclinado_jorobado_38_mirror
0.6527999688613096,0.4660990635122592,0.5721828120633935,0.2426184167667637,0.2534490335892008,0.1929954419142615,0.1961581608294244,0.3650417747849044,0.3418823222529851,0.1405977808349025,0.5276165425317497,Unsafe,synthetic_espejo,inclinado_jorobado_39_mirror
0.6775698334364901,0.4495796460771454,0.5391100882060316,0.2586986509170004,0.1917173529398916,0.157484626186406,0.1891508011571575,0.3450476282268136,0.286444097432851,0.2296811561191796,0.4048804493613637,Unsafe,synthetic_espejo,inclinado_jorobado_40_mirror
0.7350617441632608,0.4370093594472914,0.5508038173678915,0.2387421111402481,0.2063155204173271,0.2364788632850701,0.2543797923049324,0.3414478176763803,0.458429821088733,0.1680846894552602,0.4971118559298852,Unsafe,synthetic_espejo,inclinado_jorobado_41_mirror
0.6789313843221516,0.4975596411755558,0.4987041192178061,0.1907085847439169,0.2166372120911839,0.3123937768836031,0.1930737388155209,0.3398847421472867,0.3456341939375466,0.2224909148765797,0.4283247092707324,Unsafe,synthetic_espejo,inclinado_jorobado_42_mirror
0.7765181923092701,0.4941050881566868,0.5586471064878925,0.2035864010661956,0.1698414928780887,0.2049515158486614,0.1597157887828703,0.3866524576429826,0.3348877386896691,0.1306716358716406,0.5144800020164854,Unsafe,synthetic_espejo,inclinado_jorobado_43_mirror
0.7150779114278148,0.4648125389942975,0.4949204835919655,0.2583836210300029,0.1194098089682584,0.2731452426739774,0.2298253984068749,0.3661942035054283,0.3831648428426421,0.1357891501146973,0.4790281046491673,Unsafe,synthetic_espejo,inclinado_jorobado_44_mirror
0.722243010952926,0.4945813795613304,0.5470904546779543,0.2690413563964272,0.0653178018486902,0.2316492566738952,0.2389444556901238,0.3434139588982419,0.3373024578064927,0.1299160570909211,0.4837673223292925,Unsafe,synthetic_espejo,inclinado_jorobado_45_mirror
0.6565372856163764,0.5299503108964202,0.553456037547595,0.2790957453668014,0.158297687195527,0.1833670609081424,0.1531235190528129,0.2751512753575605,0.3684884995604249,0.2744927024557952,0.5041060978522599,Unsafe,synthetic_espejo,inclinado_jorobado_46_mirror
0.7230218603999957,0.4727000062939895,0.4836072228420876,0.2118372193980626,0.1603337754013806,0.2673012296701063,0.1670406089801427,0.3777868244651363,0.3267739438901766,0.2102362740041689,0.5060699256561216,Unsafe,synthetic_espejo,inclinado_jorobado_47_mirror
0.7205279924430872,0.4796482124205771,0.5232460502429985,0.2704374929425194,0.2347162980288388,0.3091892736563819,0.11728278334278,0.4391709444222389,0.3159136477613762,0.2398196113178127,0.5188455602729164,Unsafe,synthetic_espejo,inclinado_jorobado_48_mirror
0.691310953671253,0.481120887481035,0.5316236469184157,0.2272525687144568,0.1435422550745083,0.2356212238527807,0.2360474510013558,0.3868460298557916,0.3829770824953992,0.2261863811379114,0.5098199562609993,Unsafe,synthetic_espejo,inclinado_jorobado_49_mirror
0.6628404333147768,0.4691628747936877,0.5052722627743689,0.2166620486709362,0.1624004918188116,0.1545814700616856,0.189477944461838,0.3001073012122332,0.2317752470261971,0.2448336260561266,0.4534149599974747,Unsafe,synthetic_espejo,inclinado_jorobado_50_mirror
0.6443725828009897,0.4944236671062736,0.5975482192943693,0.3130311916752674,0.2406576040235761,0.2142388935978129,0.1916016158593414,0.3262711926051856,0.3377373751485176,0.1869781995392187,0.5003959299390615,Unsafe,synthetic_espejo,inclinado_jorobado_51_mirror
0.6841902341998611,0.4757910346299651,0.5986872500283618,0.2236297025500869,0.2514127357689891,0.2154316043288865,0.2719835637214928,0.3885184229299779,0.364292776908425,0.171015557939291,0.4458496310965035,Unsafe,synthetic_espejo,inclinado_jorobado_52_mirror
0.7395421296986125,0.4983882382005994,0.5416102600800186,0.1629145439125503,0.1092951154824247,0.1685442665966521,0.1255896653484269,0.395001756868321,0.3543794143778834,0.1994633685230076,0.3895834097064858,Unsafe,synthetic_espejo,inclinado_jorobado_53_mirror
0.6934880401346957,0.472369581586618,0.6238399500090176,0.2882341072217825,0.1979991336538619,0.1617144834832177,0.1643728958960321,0.3545833774809551,0.372532522940657,0.2131977415462906,0.5111043812111414,Unsafe,synthetic_espejo,inclinado_jorobado_54_mirror
0.735122343156328,0.4476205472442893,0.4850798793245784,0.1953482764723156,0.1790925889869741,0.2331347189132615,0.187149638531453,0.3071319469255302,0.3250983938933778,0.1858554103354542,0.4358404545851335,Unsafe,synthetic_espejo,inclinado_jorobado_55_mirror
0.6539965802339054,0.4929118985637299,0.568479080919642,0.1950158636713928,0.2330058691549935,0.1727408372828472,0.1573482033767597,0.3415306478982242,0.3632115978246636,0.2199487776427889,0.3957123061068124,Unsafe,synthetic_espejo,inclinado_jorobado_56_mirror
0.7799005671121905,0.4782746564143637,0.5452938602561069,0.2558242097325738,0.1001013322844056,0.2227165267667734,0.2019251351856878,0.3584116516434458,0.2827069407283589,0.1714049375240996,0.5324810104887966,Unsafe,synthetic_espejo,inclinado_jorobado_57_mirror
0.6226187705714752,0.467393024404591,0.4892794433262402,0.2124646349094246,0.1630214916087241,0.1100129592147769,0.1706349785086834,0.3979407934606677,0.3931551615611895,0.1931844630657555,0.3946122533009257,Unsafe,synthetic_espejo,inclinado_jorobado_58_mirror
0.722214409140343,0.5046912632196903,0.5523756628062778,0.3003502154474056,0.1416228898743252,0.2592591899723246,0.1334068761415583,0.2825060922234659,0.3799689170880341,0.1627894125091979,0.5406547458690134,Unsafe,synthetic_espejo,inclinado_jorobado_59_mirror
0.7335969042053119,0.469564007079966,0.5494782155487699,0.210533647013924,0.1087704756974611,0.2158016737599931,0.2345540129973075,0.3720476691480677,0.3178703963219317,0.2158203642545003,0.4173176699905824,Unsafe,synthetic_espejo,inclinado_jorobado_60_mirror
0.6767311460319101,0.4510262992236719,0.525381216235431,0.1908555805896189,0.2108613303904767,0.1649634564559379,0.1548651556752208,0.3441675816764473,0.3823648524396097,0.1843184081651707,0.4855969724815645,Unsafe,synthetic_espejo,inclinado_jorobado_61_mirror
0.6541267167133024,0.447336995701777,0.5023911516429713,0.226482382362515,0.2091886269513483,0.1946074734411417,0.1334610480083091,0.3510051484486413,0.2865160679680703,0.1912025681893465,0.4936603474214721,Unsafe,synthetic_espejo,inclinado_jorobado_62_mirror
0.6418560288027347,0.4794824492758565,0.4895044280457134,0.1314325051582798,0.1938290631920632,0.2211769430233989,0.2211512367898203,0.3438789649517514,0.3975848802115057,0.2220080998410576,0.4518772367640879,Unsafe,synthetic_espejo,inclinado_jorobado_63_mirror
0.6351634592676739,0.4752253520289249,0.4462262676632451,0.2017788861998627,0.1245423098691922,0.257710632049011,0.1406002028910223,0.3430464919962153,0.2936012118766449,0.1708169122345741,0.4951188399197879,Unsafe,synthetic_espejo,inclinado_jorobado_64_mirror
0.7128339858529842,0.4981015367591836,0.5495440316371378,0.2178026053518832,0.2253075928207835,0.2831107281972754,0.1372962492382045,0.293129454026217,0.4005815923735214,0.1875057823337652,0.5343248438346904,Unsafe,synthetic_espejo,inclinado_jorobado_65_mirror
0.7078105212591909,0.5003231642079626,0.5312926122626138,0.2099050350006206,0.1782968551582222,0.2046479629716902,0.1915287625236129,0.32287713886026,0.3531439482446015,0.2212851749552575,0.5965697859366168,Unsafe,synthetic_espejo,inclinado_jorobado_66_mirror
0.7129605009675991,0.4089205344269569,0.5095923964552438,0.2504741909616985,0.2270202630603511,0.24309610310077,0.1818622989331144,0.3952820915365671,0.3576968447107272,0.1062280842484529,0.5436180919166409,Unsafe,synthetic_espejo,inclinado_jorobado_67_mirror
0.7431137342298072,0.4950024860756936,0.4912049702063392,0.2193184844265014,0.1913227435203995,0.1867692047357865,0.1858375317657909,0.279391187387886,0.3933806064371986,0.2389527628686923,0.4803312763983171,Unsafe,synthetic_espejo,inclinado_jorobado_68_mirror
0.6411553906246044,0.471848725555018,0.5601219467350746,0.1603157665810803,0.1821383165046989,0.1234356859587585,0.2059357604495485,0.3967815258917553,0.3452332465068831,0.1928537932394444,0.4522344575541733,Unsafe,synthetic_espejo,inclinado_jorobado_69_mirror
0.7509153107501865,0.4597358921611518,0.5614518787672358,0.1573129163765821,0.1955389680340616,0.2045748007390735,0.1705421432014194,0.3800718586334182,0.2796073716921813,0.2051448636996506,0.5754780719829569,Unsafe,synthetic_espejo,inclinado_jorobado_70_mirror
0.6958935163583746,0.4359945778510277,0.6119315080369225,0.2289586971349379,0.1800799742566035,0.2676555856116566,0.152151517936804,0.3220527825606067,0.3612782346957662,0.1964271838919706,0.4160779049889314,Unsafe,synthetic_espejo,inclinado_jorobado_71_mirror
0.7180008269368733,0.4854049380747233,0.5309032234942447,0.2345810015197121,0.1509593960919609,0.1553979643766085,0.2195412745140585,0.2899732238887264,0.3387759821264774,0.1589835948888838,0.4584875461457144,Unsafe,synthetic_espejo,inclinado_jorobado_72_mirror
0.674419864364501,0.529136832491206,0.5656085463731504,0.2143441799142479,0.2149222640037097,0.1984673518855368,0.189917902434075,0.2870988699999023,0.3286075464712576,0.1447220387454547,0.4587249002422897,Unsafe,synthetic_espejo,inclinado_jorobado_73_mirror
0.716408480627182,0.4300376011728778,0.521369273405677,0.228145327148392,0.1348818790597732,0.3149842620010573,0.1104914161945147,0.3556567789336217,0.3302639463846928,0.1069851450050285,0.4894730446715211,Unsafe,synthetic_espejo,inclinado_jorobado_74_mirror
0.6818624680652562,0.5561162984909667,0.5503923142722205,0.1967615924587406,0.0889705438511299,0.2609968677250159,0.1734418599989201,0.3454732636108441,0.3756396287757989,0.1594926459444735,0.4850638684111077,Unsafe,synthetic_espejo,inclinado_jorobado_75_mirror
0.678862954755379,0.4566527857277527,0.5642516462443483,0.1640925534752638,0.1534919436657894,0.1664647035470462,0.2218926114429503,0.3950941904656969,0.426917847762663,0.2039041596998176,0.4423787913799513,Unsafe,synthetic_espejo,inclinado_jorobado_76_mirror
0.7029310125834278,0.4588291077320042,0.541500929293584,0.2114249956117954,0.1223208505743994,0.2163651628149615,0.1787666994366326,0.3865849621594738,0.3293395703135666,0.1452666280979553,0.4724177795384288,Unsafe,synthetic_espejo,inclinado_jorobado_77_mirror
0.7044540171759244,0.4472098428491662,0.5244546727573273,0.1675278733689115,0.2068491204645479,0.2790957465989868,0.2002633261676101,0.3269201451448986,0.3190139257495175,0.2125527608042849,0.4603301032107946,Unsafe,synthetic_espejo,inclinado_jorobado_78_mirror
0.6690195975394642,0.5157142326529182,0.5152421378963455,0.2639676622219125,0.2051518517444121,0.1937451642580756,0.1573744500657984,0.4407057681559702,0.4183977581604828,0.1587713187227064,0.4828167650930915,Unsafe,synthetic_espejo,inclinado_jorobado_79_mirror
